USE [ShoesShopDB]
GO
INSERT [dbo].[Brand] ([BrandID], [BrandName], [CreateDay], [Description], [Picture], [Note]) VALUES (N'1', N'Adidas', CAST(N'2020-11-01T12:57:29.330' AS DateTime), N'Adidas là tập đoàn thời trang thể thao đa quốc gia đến từ Đức, nổi tiếng toàn cầu và được xem là biểu tượng quyền năng của lĩnh vực thể thao chuyên dụng.', N'https://scontent.fsgn2-1.fna.fbcdn.net/v/t1.0-9/92811019_2971634639541956_2292159505401643008_n.jpg?_nc_cat=1&ccb=2&_nc_sid=09cbfe&_nc_ohc=CaE4jUUgiKMAX9KYe1Z&_nc_ht=scontent.fsgn2-1.fna&oh=ecd93b7146ec788aac2e87107cc8bdd9&oe=5FC56E18', N'Giày thể thao')
INSERT [dbo].[Brand] ([BrandID], [BrandName], [CreateDay], [Description], [Picture], [Note]) VALUES (N'2', N'Converse', CAST(N'2020-11-01T12:57:29.330' AS DateTime), N'Converse là một thương hiệu giày nổi tiếng hàng đầu thế giới, với những thiết kế vượt thời gian trường tồn. Nó chưa bao giờ lạc hậu cả, nó là mẫu giày thịnh hành nhất thế giới, phù hợp với mọi tầng lớp xã hội, kết hợp được với rất nhiều trang phục.', N'https://scontent.fsgn2-1.fna.fbcdn.net/v/t1.0-9/19420387_10155444075308524_7054987257210087744_n.jpg?_nc_cat=1&ccb=2&_nc_sid=09cbfe&_nc_ohc=94N1uwv3rZYAX9hi_kt&_nc_ht=scontent.fsgn2-1.fna&oh=f57d0c31bbe25fe8a1477b4b4c08a2c7&oe=5FC50EA0', N'Giày thể thao')
INSERT [dbo].[Brand] ([BrandID], [BrandName], [CreateDay], [Description], [Picture], [Note]) VALUES (N'3', N'Nike', CAST(N'2020-11-01T13:32:32.703' AS DateTime), N'Thương hiệu Nike với câu slogan kinh điển “Just do it” hiện đang là một trong những nhà cung cấp quần áo, giày dép và dụng cụ thể thao lớn nhất thế giới.', N'https://scontent.fsgn2-1.fna.fbcdn.net/v/t34.0-12/38987125_2251283731576590_1571185813_n.jpg?_nc_cat=1&ccb=2&_nc_sid=09cbfe&_nc_ohc=Yuzxg0Iz3PMAX-svwg7&_nc_ht=scontent.fsgn2-1.fna&oh=13af694b5cd3e37342bf66a063535110&oe=5FA0AB5C', N'Giày thể thao')
INSERT [dbo].[Brand] ([BrandID], [BrandName], [CreateDay], [Description], [Picture], [Note]) VALUES (N'4', N'Vans', CAST(N'2020-11-01T12:57:29.330' AS DateTime), N'Giày Vans - một trong những item cực kỳ nổi tiếng trong làng giày sneaker. Rất nhiều người sử dụng giày Vans bởi yêu thích sự tiện dụng, trẻ trung, đơn giản, phù hợp với những hoạt động thể thao hơn nữa mức giá giày lại cực kỳ hợp lý.', N'https://scontent.fsgn2-1.fna.fbcdn.net/v/t1.0-9/10404256_1305542216128218_5867779799213321834_n.jpg?_nc_cat=107&ccb=2&_nc_sid=09cbfe&_nc_ohc=EZ4gETlXHwUAX-CVDac&_nc_ht=scontent.fsgn2-1.fna&oh=1e39e45eb725fee8fe9562e52bd4fb9f&oe=5FC4EA6C', N'Giày thể thao')
GO
INSERT [dbo].[Category] ([CategoryID], [CategoryName], [CreateDay], [Description], [Note]) VALUES (N'N1', N'Giày Nam', CAST(N'2020-11-01T12:54:06.300' AS DateTime), N'Giày dành cho nam', N'Men')
INSERT [dbo].[Category] ([CategoryID], [CategoryName], [CreateDay], [Description], [Note]) VALUES (N'N2', N'Giày Nữ', CAST(N'2020-11-01T12:54:06.300' AS DateTime), N'Giày dành cho nữ', N'Women')
GO
INSERT [dbo].[Product] ([ProductID], [ProductName], [Price], [Brand], [Category], [CreateDate], [Unit], [UnitsInStock], [Discount], [Description], [Picture], [Note]) VALUES (N'N11', N'ULTRABOOST', 1500000, N'1', N'N1', CAST(N'2020-11-01T13:00:49.197' AS DateTime), N'đôi', 23, 0, N'Giày yêu thích', N'https://assets.adidas.com/images/h_840,f_auto,q_auto:sensitive,fl_lossy/2dc9d01a7e804e2da73dab3b00a294d5_9366/Giay_Ultraboost_SUMMER.RDY_Mau_djen_EG0748_01_standard.jpg', NULL)
INSERT [dbo].[Product] ([ProductID], [ProductName], [Price], [Brand], [Category], [CreateDate], [Unit], [UnitsInStock], [Discount], [Description], [Picture], [Note]) VALUES (N'N12', N'BLACK GOLD', 1500000, N'1', N'N1', CAST(N'2020-11-01T13:00:49.197' AS DateTime), N'đôi', 13, 0, N'Giày yêu thích ', N'https://bountysneakers.com/wp-content/uploads/2020/04/zz-EG0754-standard-detail_view_3.jpg', NULL)
INSERT [dbo].[Product] ([ProductID], [ProductName], [Price], [Brand], [Category], [CreateDate], [Unit], [UnitsInStock], [Discount], [Description], [Picture], [Note]) VALUES (N'N13', N'STANSMITH ', 2000000, N'1', N'N2', CAST(N'2020-11-01T13:00:49.197' AS DateTime), N'đôi', 21, 15, N'ĐÔI GIÀY CÁ TÍNH DÀNH CHO PHÁI ĐẸP', N'https://bountysneakers.com/wp-content/uploads/2019/03/M20605_05.png', NULL)
INSERT [dbo].[Product] ([ProductID], [ProductName], [Price], [Brand], [Category], [CreateDate], [Unit], [UnitsInStock], [Discount], [Description], [Picture], [Note]) VALUES (N'N14', N'U_Path', 4500000, N'1', N'N2', CAST(N'2020-11-01T13:00:49.197' AS DateTime), N'đôi', 11, 15, N'ĐÔI GIÀY CHẠY PHONG CÁCH ĐƯỢC THIẾT KẾ CÙNG HỆ THÔNG DÂY D-RING', N'https://bountysneakers.com/wp-content/uploads/2020/07/FW6447-06.jpg', NULL)
INSERT [dbo].[Product] ([ProductID], [ProductName], [Price], [Brand], [Category], [CreateDate], [Unit], [UnitsInStock], [Discount], [Description], [Picture], [Note]) VALUES (N'N15', N'Ultraboost', 1850000, N'1', N'N2', CAST(N'2020-11-01T13:33:42.763' AS DateTime), N'đôi', 26, 20, N'MỘT ĐÔI GIÀY CHẠY NHẸ, HIỆN ĐẠI CHO MỌI NƠI VÀ MỌI KHOẢNG CÁCH', N'https://bountysneakers.com/wp-content/uploads/2020/09/B43513-06.jpg', NULL)
INSERT [dbo].[Product] ([ProductID], [ProductName], [Price], [Brand], [Category], [CreateDate], [Unit], [UnitsInStock], [Discount], [Description], [Picture], [Note]) VALUES (N'N16', N'Glide W', 4350000, N'1', N'N1', CAST(N'2020-11-01T13:33:42.763' AS DateTime), N'đôi', 33, 10, N'ĐÔI GIÀY CHẠY BỘ LÝ TƯỞNG', N'https://bountysneakers.com/wp-content/uploads/2020/09/BB6617-02.jpg', NULL)
INSERT [dbo].[Product] ([ProductID], [ProductName], [Price], [Brand], [Category], [CreateDate], [Unit], [UnitsInStock], [Discount], [Description], [Picture], [Note]) VALUES (N'N21', N'Chuck', 1200000, N'2', N'N1', CAST(N'2020-11-01T13:00:49.197' AS DateTime), N'đôi', 31, 0, N'Tặng dây giày Converse chính hãng cho đơn hàng giày Converse', N'https://drake.vn/image/cache/catalog/Converse/121186/121186-1-410x574.jpg', NULL)
INSERT [dbo].[Product] ([ProductID], [ProductName], [Price], [Brand], [Category], [CreateDate], [Unit], [UnitsInStock], [Discount], [Description], [Picture], [Note]) VALUES (N'N22', N'Classic ', 1350000, N'2', N'N1', CAST(N'2020-11-01T13:00:49.197' AS DateTime), N'đôi', 36, 0, N'Tặng kèm vớ', N'https://drake.vn/image/cache/catalog/Converse/Classic/126196/IMG_8987%20copy-410x574.jpg', NULL)
INSERT [dbo].[Product] ([ProductID], [ProductName], [Price], [Brand], [Category], [CreateDate], [Unit], [UnitsInStock], [Discount], [Description], [Picture], [Note]) VALUES (N'N23', N' All Star', 1650000, N'2', N'N2', CAST(N'2020-11-01T13:00:49.197' AS DateTime), N'đôi', 22, 0, N'Tặng kèm vớ ', N'https://drake.vn/image/cache/catalog/Converse/Chuck%20II/150145/IMG_3308%20copy-410x574.jpg', NULL)
INSERT [dbo].[Product] ([ProductID], [ProductName], [Price], [Brand], [Category], [CreateDate], [Unit], [UnitsInStock], [Discount], [Description], [Picture], [Note]) VALUES (N'N31', N'Revolution', 5000000, N'3', N'N1', CAST(N'2020-11-01T13:33:42.763' AS DateTime), N'đôi', 20, 30, N'MẪU GIÀY CHẠY NHẸ VÀ THOẢI MÁI', N'https://bountysneakers.com/wp-content/uploads/2020/09/BQ6714-010-05.jpg', NULL)
INSERT [dbo].[Product] ([ProductID], [ProductName], [Price], [Brand], [Category], [CreateDate], [Unit], [UnitsInStock], [Discount], [Description], [Picture], [Note]) VALUES (N'N32', N'Air Max', 4500000, N'3', N'N1', CAST(N'2020-11-01T13:33:42.763' AS DateTime), N'đôi', 26, 20, N'MẪU GIÀY ĐI CHƠI SÀNH ĐIỆU VÀ THOẢI MÁI', N'https://bountysneakers.com/wp-content/uploads/2020/10/BV9977-001-05.jpg', NULL)
INSERT [dbo].[Product] ([ProductID], [ProductName], [Price], [Brand], [Category], [CreateDate], [Unit], [UnitsInStock], [Discount], [Description], [Picture], [Note]) VALUES (N'N33', N'Fuchsia', 3700000, N'3', N'N2', CAST(N'2020-11-01T13:33:42.763' AS DateTime), N'đôi', 22, 0, N'MẪU GIÀY CHẠY NHẸ VÀ THOẢI MÁI', N'https://bountysneakers.com/wp-content/uploads/2020/09/BQ5671-610-05.jpg', NULL)
INSERT [dbo].[Product] ([ProductID], [ProductName], [Price], [Brand], [Category], [CreateDate], [Unit], [UnitsInStock], [Discount], [Description], [Picture], [Note]) VALUES (N'N34', N'Gym Red', 3500000, N'3', N'N2', CAST(N'2020-11-01T13:33:42.763' AS DateTime), N'đôi', 33, 10, N'MẪU GIÀY CHẠY NHẸ VÀ THOẢI MÁI', N'https://bountysneakers.com/wp-content/uploads/2020/09/BQ5671-600-07.jpg', NULL)
INSERT [dbo].[Product] ([ProductID], [ProductName], [Price], [Brand], [Category], [CreateDate], [Unit], [UnitsInStock], [Discount], [Description], [Picture], [Note]) VALUES (N'N35', N'Nike Zoom', 4300000, N'3', N'N1', CAST(N'2020-11-01T13:33:42.763' AS DateTime), N'đôi', 42, 15, N'MẪU GIÀY CHẠY NHẸ VÀ THOẢI MÁI', N'https://bountysneakers.com/wp-content/uploads/2020/03/BQ3203-002-05.jpg', NULL)
INSERT [dbo].[Product] ([ProductID], [ProductName], [Price], [Brand], [Category], [CreateDate], [Unit], [UnitsInStock], [Discount], [Description], [Picture], [Note]) VALUES (N'N41', N'OLD SKOOL', 3500000, N'4', N'N1', CAST(N'2020-11-01T13:00:49.197' AS DateTime), N'đôi', 20, 10, N'Giày khuyến mãi', N'https://bizweb.dktcdn.net/100/140/774/products/vans-classic-old-skool-black-white-vn000d3hy28-1.png?v=1515437062027', NULL)
INSERT [dbo].[Product] ([ProductID], [ProductName], [Price], [Brand], [Category], [CreateDate], [Unit], [UnitsInStock], [Discount], [Description], [Picture], [Note]) VALUES (N'N42', N'SLIP-ON', 4000000, N'4', N'N1', CAST(N'2020-11-01T13:00:49.197' AS DateTime), N'đôi', 30, 10, N'Giày khuyến mãi', N'https://bizweb.dktcdn.net/100/140/774/products/vans-checkerboard-slip-on-classic-white-black-vn000eyebww-6.png?v=1515439145850', NULL)
INSERT [dbo].[Product] ([ProductID], [ProductName], [Price], [Brand], [Category], [CreateDate], [Unit], [UnitsInStock], [Discount], [Description], [Picture], [Note]) VALUES (N'N43', N'SLIP-ON', 5000000, N'4', N'N2', CAST(N'2020-11-01T13:00:49.197' AS DateTime), N'đôi', 10, 0, N'Giày ưa chuộng ', N'https://bizweb.dktcdn.net/100/140/774/products/vans-classic-slip-on-true-white-vn000eyew00-3.png?v=1507805379940', NULL)
INSERT [dbo].[Product] ([ProductID], [ProductName], [Price], [Brand], [Category], [CreateDate], [Unit], [UnitsInStock], [Discount], [Description], [Picture], [Note]) VALUES (N'N44', N'DALLAS ', 2000000, N'4', N'N2', CAST(N'2020-11-01T13:00:49.197' AS DateTime), N'đôi', 10, 0, N'Giày ưa chuộng', N'https://bizweb.dktcdn.net/100/140/774/products/vans-dallas-clayton-authentic-rainbow-true-white-vn0a38emmou-1.jpg?v=1523252455043', NULL)
GO
INSERT [dbo].[Customer] ([Account], [Pass], [LastName], [FirstName], [DateOfBirth], [Gender], [Address], [PhoneNumberOfCustomer], [Email], [CreatedDate], [AccountStatus], [Note]) VALUES (N'customer', N'123', N'A', N'Nguyen', N'1999-10-14', N'Nam', N'371 Nguyễn Kiệm, Gò Vấp, Tp.Hồ Chí Minh', N'0123456789', N'NguyenA@gmail.com ', CAST(N'2020-11-02T07:51:57.450' AS DateTime), N'0', N'')
INSERT [dbo].[Customer] ([Account], [Pass], [LastName], [FirstName], [DateOfBirth], [Gender], [Address], [PhoneNumberOfCustomer], [Email], [CreatedDate], [AccountStatus], [Note]) VALUES (N'customer2', N'123', N'Nguyen', N'B', N'1999-10-14', N'Nam', N'Nguyen Kiem', N'1234567897', N'NguyenB@gmail.com', CAST(N'2020-11-04T16:41:56.493' AS DateTime), N'1', N'')
GO
INSERT [dbo].[Employee] ([Account], [Pass], [LastName], [FirstName], [DateOfBirth], [Gender], [CitizenIdentification], [Address], [PhoneNumberOfEmployee], [Email], [CreatedDate], [AccountStatus], [Note]) VALUES (N'admin', N'123', N'sss', N'eee', N'20-10-1999', N'rrr', N'bbb', N'mm', N'1234', N'string', CAST(N'2020-11-01T12:52:51.220' AS DateTime), N'0', N'sss')
INSERT [dbo].[Employee] ([Account], [Pass], [LastName], [FirstName], [DateOfBirth], [Gender], [CitizenIdentification], [Address], [PhoneNumberOfEmployee], [Email], [CreatedDate], [AccountStatus], [Note]) VALUES (N'admin2', N'123', N'admin', N'test', N'1999-10-14', N'Nam', N'123456789', N'test', N'1234567891', N'admintest@gmail.com', CAST(N'2020-11-04T16:21:38.913' AS DateTime), N'1', N'')
GO
SET IDENTITY_INSERT [dbo].[Orders] ON 

INSERT [dbo].[Orders] ([OrderID], [Name], [CreatedDate], [PhoneNumberOfOrder], [Address], [TotalPrice], [Status], [Note], [EmpId], [CusId]) VALUES (1, N'A Nguyen', CAST(N'2020-11-02T07:54:16.520' AS DateTime), N'0123456789', N'371 Nguyễn Kiệm, Gò Vấp, Tp.Hồ Chí Minh', 3300000, N'0', N'', N'admin', N'customer')
INSERT [dbo].[Orders] ([OrderID], [Name], [CreatedDate], [PhoneNumberOfOrder], [Address], [TotalPrice], [Status], [Note], [EmpId], [CusId]) VALUES (2, N'A Nguyen', CAST(N'2020-11-02T07:56:05.877' AS DateTime), N'0123456789', N'371 Nguyễn Kiệm, Gò Vấp, Tp.Hồ Chí Minh', 7150000, N'1', N'', N'admin', N'customer')
INSERT [dbo].[Orders] ([OrderID], [Name], [CreatedDate], [PhoneNumberOfOrder], [Address], [TotalPrice], [Status], [Note], [EmpId], [CusId]) VALUES (3, N'A Nguyen', CAST(N'2020-11-02T07:56:14.977' AS DateTime), N'0123456789', N'371 Nguyễn Kiệm, Gò Vấp, Tp.Hồ Chí Minh', 1650000, N'1', N'', N'admin', N'customer')
INSERT [dbo].[Orders] ([OrderID], [Name], [CreatedDate], [PhoneNumberOfOrder], [Address], [TotalPrice], [Status], [Note], [EmpId], [CusId]) VALUES (4, N'A Nguyen', CAST(N'2020-11-02T07:56:23.140' AS DateTime), N'0123456789', N'371 Nguyễn Kiệm, Gò Vấp, Tp.Hồ Chí Minh', 1320000, N'1', N'', N'admin', N'customer')
SET IDENTITY_INSERT [dbo].[Orders] OFF
GO
INSERT [dbo].[Cart] ([Account], [ProductID], [Amounts], [Note]) VALUES (N'customer', N'N11', 1, N'')
GO
INSERT [dbo].[OrderDetails] ([OrderID], [ProductID], [Amounts], [Note]) VALUES (1, N'N11', 1, N'')
INSERT [dbo].[OrderDetails] ([OrderID], [ProductID], [Amounts], [Note]) VALUES (1, N'N12', 1, N'')
INSERT [dbo].[OrderDetails] ([OrderID], [ProductID], [Amounts], [Note]) VALUES (2, N'N13', 1, N'')
INSERT [dbo].[OrderDetails] ([OrderID], [ProductID], [Amounts], [Note]) VALUES (2, N'N14', 1, N'')
INSERT [dbo].[OrderDetails] ([OrderID], [ProductID], [Amounts], [Note]) VALUES (3, N'N12', 1, N'')
INSERT [dbo].[OrderDetails] ([OrderID], [ProductID], [Amounts], [Note]) VALUES (4, N'N21', 1, N'')
GO
